{"pdb_id":"test","data_resource":"PDBTM","resource_version":"1017","software_version":"3.2.134","chains":[{"chain_label":"X"}],"additional_entry_annotations":{"ent_cif_mapping_results":{"ent_cif_chain_map":{"A":["X"]}},"membrane":{"normal":{"x":0.00000000,"y":0.00000000,"z":15.00000000},"transformation_matrix":{"rowx":{"x":0.00000000,"y":-1.00000000,"z":0.00000000,"t":10.00000000},"rowy":{"x":1.00000000,"y":0.00000000,"z":0.00000000,"t":-5.00000000},"rowz":{"x":0.00000000,"y":0.00000000,"z":1.00000000,"t":3.00000000}}}}}
